id,element_id,element_type,country,unit_type,reason,keywords,details,timestamp,url,lat,lon
way/441265449,441265449,way,Burkina Faso,plant,Missing source tag,none,"tags: {'barrier': 'wall', 'name': 'SONABEL', 'power': 'plant'}",2026-07-01 00:54:33.806226,https://www.openstreetmap.org/way/441265449,12.257449859010055,-0.4224100665297816
way/1081487840,1081487840,way,Burkina Faso,plant,Capacity regex no match,1.1 Mw,Tag 'plant:output:electricity' has value '1.1 Mw' which could not be parsed,2026-07-01 00:54:33.808350,https://www.openstreetmap.org/way/1081487840,12.491345800000001,-1.11923685
way/1085068657,1085068657,way,Burkina Faso,plant,Capacity placeholder value,yes,Tag 'plant:output:electricity' contains placeholder value 'yes' instead of actual capacity,2026-07-01 00:54:33.808963,https://www.openstreetmap.org/way/1085068657,12.35178883822343,-1.5374137063541928
way/1284484587,1284484587,way,Burkina Faso,plant,Capacity regex no match,38 Mw,Tag 'plant:output:electricity' has value '38 Mw' which could not be parsed,2026-07-01 00:54:33.809575,https://www.openstreetmap.org/way/1284484587,11.112153625967919,-4.357781403842708
way/1292854531,1292854531,way,Burkina Faso,plant,Capacity placeholder value,yes,Tag 'plant:output:electricity' contains placeholder value 'yes' instead of actual capacity,2026-07-01 00:54:33.809936,https://www.openstreetmap.org/way/1292854531,11.9888845932739,1.4114629661067943
way/1292854973,1292854973,way,Burkina Faso,plant,Capacity placeholder value,yes,Tag 'plant:output:electricity' contains placeholder value 'yes' instead of actual capacity,2026-07-01 00:54:33.810105,https://www.openstreetmap.org/way/1292854973,10.375282814599155,-5.384978784613332
way/1424092743,1424092743,way,Burkina Faso,plant,Missing output tag,none,"tags: {'plant:source': 'solar', 'power': 'plant'}",2026-07-01 00:54:33.811325,https://www.openstreetmap.org/way/1424092743,14.015937368068899,0.004708720415709191
way/1463744235,1463744235,way,Burkina Faso,plant,Missing source tag,none,"tags: {'barrier': 'fence', 'name': 'Centrale solaire', 'power': 'plant'}",2026-07-01 00:54:33.812478,https://www.openstreetmap.org/way/1463744235,13.41551975682596,-2.3114799872672727
node/1960667500,1960667500,node,Cabo Verde,generator,Capacity placeholder value,yes,Tag 'generator:output:electricity' contains placeholder value 'yes' instead of actual capacity,2026-07-01 00:54:40.735549,https://www.openstreetmap.org/node/1960667500,14.972916,-23.5144196
node/1960667535,1960667535,node,Cabo Verde,generator,Capacity placeholder value,yes,Tag 'generator:output:electricity' contains placeholder value 'yes' instead of actual capacity,2026-07-01 00:54:40.735577,https://www.openstreetmap.org/node/1960667535,14.9750158,-23.5172777
node/1960667631,1960667631,node,Cabo Verde,generator,Capacity placeholder value,yes,Tag 'generator:output:electricity' contains placeholder value 'yes' instead of actual capacity,2026-07-01 00:54:40.735597,https://www.openstreetmap.org/node/1960667631,14.9761495,-23.5187989
node/1960667150,1960667150,node,Cabo Verde,generator,Capacity placeholder value,yes,Tag 'generator:output:electricity' contains placeholder value 'yes' instead of actual capacity,2026-07-01 00:54:40.735612,https://www.openstreetmap.org/node/1960667150,14.9702628,-23.5120117
node/3298687817,3298687817,node,Cabo Verde,generator,Capacity placeholder value,yes,Tag 'generator:output:electricity' contains placeholder value 'yes' instead of actual capacity,2026-07-01 00:54:40.735625,https://www.openstreetmap.org/node/3298687817,14.9667248,-23.5050149
node/3298687816,3298687816,node,Cabo Verde,generator,Capacity placeholder value,yes,Tag 'generator:output:electricity' contains placeholder value 'yes' instead of actual capacity,2026-07-01 00:54:40.735639,https://www.openstreetmap.org/node/3298687816,14.9668528,-23.507375
node/1960667755,1960667755,node,Cabo Verde,generator,Capacity placeholder value,yes,Tag 'generator:output:electricity' contains placeholder value 'yes' instead of actual capacity,2026-07-01 00:54:40.735652,https://www.openstreetmap.org/node/1960667755,14.9770305,-23.5204734
node/1960667722,1960667722,node,Cabo Verde,generator,Capacity placeholder value,yes,Tag 'generator:output:electricity' contains placeholder value 'yes' instead of actual capacity,2026-07-01 00:54:40.735666,https://www.openstreetmap.org/node/1960667722,14.9695338,-23.5101234
node/3298687815,3298687815,node,Cabo Verde,generator,Capacity placeholder value,yes,Tag 'generator:output:electricity' contains placeholder value 'yes' instead of actual capacity,2026-07-01 00:54:40.735679,https://www.openstreetmap.org/node/3298687815,14.9678235,-23.5088446
node/1960667207,1960667207,node,Cabo Verde,generator,Capacity placeholder value,yes,Tag 'generator:output:electricity' contains placeholder value 'yes' instead of actual capacity,2026-07-01 00:54:40.735691,https://www.openstreetmap.org/node/1960667207,14.9738901,-23.5157882
node/1960667239,1960667239,node,Cabo Verde,generator,Capacity placeholder value,yes,Tag 'generator:output:electricity' contains placeholder value 'yes' instead of actual capacity,2026-07-01 00:54:40.735703,https://www.openstreetmap.org/node/1960667239,14.9712746,-23.5132833
node/6296139543,6296139543,node,Cabo Verde,generator,Capacity regex no match,850 kW,Tag 'generator:output:electricity' has value '850 kW' which could not be parsed,2026-07-01 00:54:40.736500,https://www.openstreetmap.org/node/6296139543,16.8295647,-25.0170819
node/4026779169,4026779169,node,Cabo Verde,generator,Capacity regex no match,850 kW,Tag 'generator:output:electricity' has value '850 kW' which could not be parsed,2026-07-01 00:54:40.736529,https://www.openstreetmap.org/node/4026779169,16.8355446,-25.0213704
node/6296139540,6296139540,node,Cabo Verde,generator,Capacity regex no match,850 kW,Tag 'generator:output:electricity' has value '850 kW' which could not be parsed,2026-07-01 00:54:40.736552,https://www.openstreetmap.org/node/6296139540,16.8314038,-25.0191327
node/6296139541,6296139541,node,Cabo Verde,generator,Capacity regex no match,850 kW,Tag 'generator:output:electricity' has value '850 kW' which could not be parsed,2026-07-01 00:54:40.736573,https://www.openstreetmap.org/node/6296139541,16.8306363,-25.0179503
node/4026779888,4026779888,node,Cabo Verde,generator,Capacity regex no match,850 kW,Tag 'generator:output:electricity' has value '850 kW' which could not be parsed,2026-07-01 00:54:40.736593,https://www.openstreetmap.org/node/4026779888,16.8364251,-25.0226826
node/4026777792,4026777792,node,Cabo Verde,generator,Capacity regex no match,850 kW,Tag 'generator:output:electricity' has value '850 kW' which could not be parsed,2026-07-01 00:54:40.736617,https://www.openstreetmap.org/node/4026777792,16.8341813,-25.0205111
node/4026777791,4026777791,node,Cabo Verde,generator,Capacity regex no match,850 kW,Tag 'generator:output:electricity' has value '850 kW' which could not be parsed,2026-07-01 00:54:40.736637,https://www.openstreetmap.org/node/4026777791,16.8326392,-25.0201608
node/3990812094,3990812094,node,Cabo Verde,generator,Capacity regex no match,850 kW,Tag 'generator:output:electricity' has value '850 kW' which could not be parsed,2026-07-01 00:54:40.737203,https://www.openstreetmap.org/node/3990812094,16.2127251,-22.9065533
node/3990812088,3990812088,node,Cabo Verde,generator,Capacity regex no match,850 kW,Tag 'generator:output:electricity' has value '850 kW' which could not be parsed,2026-07-01 00:54:40.737229,https://www.openstreetmap.org/node/3990812088,16.2133251,-22.9085033
node/3990812084,3990812084,node,Cabo Verde,generator,Capacity regex no match,850 kW,Tag 'generator:output:electricity' has value '850 kW' which could not be parsed,2026-07-01 00:54:40.737250,https://www.openstreetmap.org/node/3990812084,16.2121043,-22.9047643
node/1972672651,1972672651,node,Cabo Verde,generator,Missing output tag,none,"tags: {'generator:method': 'wind_turbine', 'generator:source': 'wind', 'power': 'generator', 'source': 'local_knowledge'}",2026-07-01 00:54:40.737728,https://www.openstreetmap.org/node/1972672651,16.8444231,-25.0280598
node/1972672675,1972672675,node,Cabo Verde,generator,Missing output tag,none,"tags: {'generator:method': 'wind_turbine', 'generator:source': 'wind', 'power': 'generator', 'source': 'local_knowledge'}",2026-07-01 00:54:40.737747,https://www.openstreetmap.org/node/1972672675,16.8449653,-25.0285557
node/1972672625,1972672625,node,Cabo Verde,generator,Missing output tag,none,"tags: {'generator:method': 'wind_turbine', 'generator:source': 'wind', 'power': 'generator', 'source': 'local_knowledge'}",2026-07-01 00:54:40.737762,https://www.openstreetmap.org/node/1972672625,16.8438609,-25.0275368
node/1960667834,1960667834,node,Cabo Verde,generator,Capacity placeholder value,yes,Tag 'generator:output:electricity' contains placeholder value 'yes' instead of actual capacity,2026-07-01 00:54:40.738223,https://www.openstreetmap.org/node/1960667834,14.9670626,-23.5096296
node/1960667781,1960667781,node,Cabo Verde,generator,Capacity placeholder value,yes,Tag 'generator:output:electricity' contains placeholder value 'yes' instead of actual capacity,2026-07-01 00:54:40.738241,https://www.openstreetmap.org/node/1960667781,14.9679993,-23.5106363
node/1960667676,1960667676,node,Cabo Verde,generator,Capacity placeholder value,yes,Tag 'generator:output:electricity' contains placeholder value 'yes' instead of actual capacity,2026-07-01 00:54:40.738255,https://www.openstreetmap.org/node/1960667676,14.9689488,-23.5116271
way/470279481,470279481,way,Cabo Verde,plant,Capacity placeholder value,yes,Tag 'plant:output:electricity' contains placeholder value 'yes' instead of actual capacity,2026-07-01 00:54:40.738833,https://www.openstreetmap.org/way/470279481,14.90846082575256,-23.546182379624895
way/481942270,481942270,way,Cabo Verde,plant,Capacity placeholder value,yes,Tag 'plant:output:electricity' contains placeholder value 'yes' instead of actual capacity,2026-07-01 00:54:40.739655,https://www.openstreetmap.org/way/481942270,16.871024541135426,-25.014145431897916
way/538327841,538327841,way,Cabo Verde,plant,Missing source tag,none,"tags: {'landuse': 'industrial', 'power': 'plant'}",2026-07-01 00:54:40.739832,https://www.openstreetmap.org/way/538327841,16.546918012425206,-24.347956604760004
way/655442392,655442392,way,Cabo Verde,plant,Missing output tag,none,"tags: {'plant:source': 'solar', 'power': 'plant'}",2026-07-01 00:54:40.740027,https://www.openstreetmap.org/way/655442392,17.12421674124222,-25.233912873257335
way/687013844,687013844,way,Cabo Verde,plant,Capacity placeholder value,yes,Tag 'plant:output:electricity' contains placeholder value 'yes' instead of actual capacity,2026-07-01 00:54:40.740204,https://www.openstreetmap.org/way/687013844,16.628961793174042,-22.911709241206754
way/747381297,747381297,way,Cabo Verde,plant,Missing source tag,none,"tags: {'landuse': 'industrial', 'power': 'plant'}",2026-07-01 00:54:40.740375,https://www.openstreetmap.org/way/747381297,15.203632326781646,-23.604536493246503
way/848754763,848754763,way,Cabo Verde,plant,Capacity placeholder value,yes,Tag 'plant:output:electricity' contains placeholder value 'yes' instead of actual capacity,2026-07-01 00:54:40.740615,https://www.openstreetmap.org/way/848754763,17.137053122435404,-25.165435001172902
way/888947737,888947737,way,Cabo Verde,plant,Capacity placeholder value,yes,Tag 'plant:output:electricity' contains placeholder value 'yes' instead of actual capacity,2026-07-01 00:54:40.740853,https://www.openstreetmap.org/way/888947737,14.965271654001265,-23.582578186628783
way/891219272,891219272,way,Cabo Verde,plant,Capacity placeholder value,yes,Tag 'plant:output:electricity' contains placeholder value 'yes' instead of actual capacity,2026-07-01 00:54:40.741044,https://www.openstreetmap.org/way/891219272,15.049463303917763,-23.579940999152754
way/1053690845,1053690845,way,Cabo Verde,plant,Capacity placeholder value,yes,Tag 'plant:output:electricity' contains placeholder value 'yes' instead of actual capacity,2026-07-01 00:54:40.741204,https://www.openstreetmap.org/way/1053690845,14.950527500000002,-24.493446300000006
way/1054642976,1054642976,way,Cabo Verde,plant,Capacity placeholder value,yes,Tag 'plant:output:electricity' contains placeholder value 'yes' instead of actual capacity,2026-07-01 00:54:40.741362,https://www.openstreetmap.org/way/1054642976,14.944723400000003,-24.494768650000005
way/1054642977,1054642977,way,Cabo Verde,plant,Capacity placeholder value,yes,Tag 'plant:output:electricity' contains placeholder value 'yes' instead of actual capacity,2026-07-01 00:54:40.741520,https://www.openstreetmap.org/way/1054642977,14.944669599679226,-24.49479081744415
way/1054642978,1054642978,way,Cabo Verde,plant,Capacity placeholder value,yes,Tag 'plant:output:electricity' contains placeholder value 'yes' instead of actual capacity,2026-07-01 00:54:40.741678,https://www.openstreetmap.org/way/1054642978,14.944618751331861,-24.49479458063017
way/1236780555,1236780555,way,Cabo Verde,plant,Capacity placeholder value,yes,Tag 'plant:output:electricity' contains placeholder value 'yes' instead of actual capacity,2026-07-01 00:54:40.741837,https://www.openstreetmap.org/way/1236780555,15.123732975514315,-23.537231283838825
way/1244166394,1244166394,way,Cabo Verde,plant,Missing output tag,none,"tags: {'plant:source': 'solar', 'power': 'plant'}",2026-07-01 00:54:40.742025,https://www.openstreetmap.org/way/1244166394,15.157490960073355,-23.143782356197487
way/1244166395,1244166395,way,Cabo Verde,plant,Missing output tag,none,"tags: {'plant:source': 'solar', 'power': 'plant'}",2026-07-01 00:54:40.742201,https://www.openstreetmap.org/way/1244166395,15.15742955,-23.143804799999998
way/1245366674,1245366674,way,Cabo Verde,plant,Missing output tag,none,"tags: {'plant:source': 'solar', 'power': 'plant'}",2026-07-01 00:54:40.742371,https://www.openstreetmap.org/way/1245366674,15.180935830078676,-23.128974546632538
way/1245366675,1245366675,way,Cabo Verde,plant,Missing output tag,none,"tags: {'plant:source': 'solar', 'power': 'plant'}",2026-07-01 00:54:40.742548,https://www.openstreetmap.org/way/1245366675,15.180884449999999,-23.128978599999996
way/1245917649,1245917649,way,Cabo Verde,plant,Missing output tag,none,"tags: {'plant:source': 'solar', 'power': 'plant'}",2026-07-01 00:54:40.742716,https://www.openstreetmap.org/way/1245917649,15.1389317,-23.12425425
way/1245917650,1245917650,way,Cabo Verde,plant,Missing output tag,none,"tags: {'plant:source': 'solar', 'power': 'plant'}",2026-07-01 00:54:40.742885,https://www.openstreetmap.org/way/1245917650,15.138982600000006,-23.124209650000005
way/1248919173,1248919173,way,Cabo Verde,plant,Missing output tag,none,"tags: {'plant:source': 'solar', 'power': 'plant'}",2026-07-01 00:54:40.743085,https://www.openstreetmap.org/way/1248919173,15.230465611226675,-23.65173373761483
way/1249405529,1249405529,way,Cabo Verde,plant,Missing output tag,none,"tags: {'plant:source': 'solar', 'power': 'plant'}",2026-07-01 00:54:40.743254,https://www.openstreetmap.org/way/1249405529,15.016995151340671,-23.44839868209306
way/1249405530,1249405530,way,Cabo Verde,plant,Missing output tag,none,"tags: {'plant:source': 'solar', 'power': 'plant'}",2026-07-01 00:54:40.743422,https://www.openstreetmap.org/way/1249405530,15.017029384033684,-23.448302329569778
way/1249405531,1249405531,way,Cabo Verde,plant,Missing output tag,none,"tags: {'plant:source': 'solar', 'power': 'plant'}",2026-07-01 00:54:40.743589,https://www.openstreetmap.org/way/1249405531,15.01694775,-23.44838235
way/1249405532,1249405532,way,Cabo Verde,plant,Missing output tag,none,"tags: {'plant:source': 'solar', 'power': 'plant'}",2026-07-01 00:54:40.743755,https://www.openstreetmap.org/way/1249405532,15.016982599999999,-23.448287950000005
way/1249521315,1249521315,way,Cabo Verde,plant,Missing output tag,none,"tags: {'plant:source': 'solar', 'power': 'plant'}",2026-07-01 00:54:40.743941,https://www.openstreetmap.org/way/1249521315,17.164874102653535,-25.167738710132504
way/1252038914,1252038914,way,Cabo Verde,plant,Missing output tag,none,"tags: {'plant:source': 'solar', 'power': 'plant'}",2026-07-01 00:54:40.744117,https://www.openstreetmap.org/way/1252038914,15.248797249999999,-23.1197287
way/1252043789,1252043789,way,Cabo Verde,plant,Capacity placeholder value,yes,Tag 'plant:output:electricity' contains placeholder value 'yes' instead of actual capacity,2026-07-01 00:54:40.744285,https://www.openstreetmap.org/way/1252043789,16.629008600000002,-22.911958100000003
way/1252043790,1252043790,way,Cabo Verde,plant,Capacity placeholder value,yes,Tag 'plant:output:electricity' contains placeholder value 'yes' instead of actual capacity,2026-07-01 00:54:40.744442,https://www.openstreetmap.org/way/1252043790,16.628742507154644,-22.911096773767312
way/1257783069,1257783069,way,Cabo Verde,plant,Missing output tag,none,"tags: {'plant:source': 'solar', 'power': 'plant'}",2026-07-01 00:54:40.744600,https://www.openstreetmap.org/way/1257783069,15.160954049999999,-23.136541
way/1267090379,1267090379,way,Cabo Verde,plant,Missing output tag,none,"tags: {'plant:source': 'solar', 'power': 'plant'}",2026-07-01 00:54:40.744777,https://www.openstreetmap.org/way/1267090379,14.926201957049168,-23.486648485890427
way/1267090380,1267090380,way,Cabo Verde,plant,Missing output tag,none,"tags: {'plant:source': 'solar', 'power': 'plant'}",2026-07-01 00:54:40.745010,https://www.openstreetmap.org/way/1267090380,14.925740308505308,-23.486862005638912
way/1267090381,1267090381,way,Cabo Verde,plant,Missing output tag,none,"tags: {'plant:source': 'solar', 'power': 'plant'}",2026-07-01 00:54:40.745186,https://www.openstreetmap.org/way/1267090381,14.925335810999176,-23.486985801322543
way/1267091568,1267091568,way,Cabo Verde,plant,Missing output tag,none,"tags: {'plant:source': 'solar', 'power': 'plant'}",2026-07-01 00:54:40.745352,https://www.openstreetmap.org/way/1267091568,14.925809135107972,-23.48703060431967
way/1285501795,1285501795,way,Cabo Verde,plant,Missing output tag,none,"tags: {'plant:source': 'solar', 'power': 'plant'}",2026-07-01 00:54:40.745520,https://www.openstreetmap.org/way/1285501795,15.005033249999999,-24.447800149999996
way/1287960733,1287960733,way,Cabo Verde,plant,Missing output tag,none,"tags: {'plant:source': 'solar', 'power': 'plant'}",2026-07-01 00:54:40.745688,https://www.openstreetmap.org/way/1287960733,14.884044496489414,-24.717967047634342
way/1290466419,1290466419,way,Cabo Verde,plant,Missing output tag,none,"tags: {'plant:source': 'solar', 'power': 'plant'}",2026-07-01 00:54:40.745857,https://www.openstreetmap.org/way/1290466419,14.852363478193862,-24.454663582496764
way/1290466420,1290466420,way,Cabo Verde,plant,Missing output tag,none,"tags: {'plant:source': 'solar', 'power': 'plant'}",2026-07-01 00:54:40.746056,https://www.openstreetmap.org/way/1290466420,14.852303280080807,-24.45462970808081
way/1290466421,1290466421,way,Cabo Verde,plant,Missing output tag,none,"tags: {'plant:source': 'solar', 'power': 'plant'}",2026-07-01 00:54:40.746236,https://www.openstreetmap.org/way/1290466421,14.849886988257232,-24.449425231895024
way/1290466422,1290466422,way,Cabo Verde,plant,Missing output tag,none,"tags: {'plant:source': 'solar', 'power': 'plant'}",2026-07-01 00:54:40.746404,https://www.openstreetmap.org/way/1290466422,14.849848659928867,-24.449383747668055
way/1290466423,1290466423,way,Cabo Verde,plant,Missing output tag,none,"tags: {'plant:source': 'solar', 'power': 'plant'}",2026-07-01 00:54:40.746571,https://www.openstreetmap.org/way/1290466423,14.84981041314137,-24.449325931656297
way/1290466424,1290466424,way,Cabo Verde,plant,Missing output tag,none,"tags: {'plant:source': 'solar', 'power': 'plant'}",2026-07-01 00:54:40.746740,https://www.openstreetmap.org/way/1290466424,14.849777849999999,-24.449270450000004
way/1290466425,1290466425,way,Cabo Verde,plant,Missing output tag,none,"tags: {'plant:source': 'solar', 'power': 'plant'}",2026-07-01 00:54:40.746930,https://www.openstreetmap.org/way/1290466425,14.84974503492881,-24.44919934204813
way/1292048801,1292048801,way,Cabo Verde,plant,Missing output tag,none,"tags: {'plant:source': 'solar', 'power': 'plant'}",2026-07-01 00:54:40.747108,https://www.openstreetmap.org/way/1292048801,14.874158746630837,-24.418166525860492
way/1292048802,1292048802,way,Cabo Verde,plant,Missing output tag,none,"tags: {'plant:source': 'solar', 'power': 'plant'}",2026-07-01 00:54:40.747283,https://www.openstreetmap.org/way/1292048802,14.874128800000001,-24.418178849999997
way/1292048803,1292048803,way,Cabo Verde,plant,Missing output tag,none,"tags: {'plant:source': 'solar', 'power': 'plant'}",2026-07-01 00:54:40.747453,https://www.openstreetmap.org/way/1292048803,14.874092774694457,-24.418147363741625
way/1292048804,1292048804,way,Cabo Verde,plant,Missing output tag,none,"tags: {'plant:source': 'solar', 'power': 'plant'}",2026-07-01 00:54:40.747624,https://www.openstreetmap.org/way/1292048804,14.87405415,-24.41812075
way/1292048805,1292048805,way,Cabo Verde,plant,Missing output tag,none,"tags: {'plant:source': 'solar', 'power': 'plant'}",2026-07-01 00:54:40.747792,https://www.openstreetmap.org/way/1292048805,14.874016300000001,-24.4181232
way/1292301283,1292301283,way,Cabo Verde,plant,Missing output tag,none,"tags: {'plant:source': 'solar', 'power': 'plant'}",2026-07-01 00:54:40.747986,https://www.openstreetmap.org/way/1292301283,14.884068790659642,-24.48342771701845
way/1292301284,1292301284,way,Cabo Verde,plant,Missing output tag,none,"tags: {'plant:source': 'solar', 'power': 'plant'}",2026-07-01 00:54:40.748159,https://www.openstreetmap.org/way/1292301284,14.884035244494438,-24.4834431930234
way/1292301285,1292301285,way,Cabo Verde,plant,Missing output tag,none,"tags: {'plant:source': 'solar', 'power': 'plant'}",2026-07-01 00:54:40.748326,https://www.openstreetmap.org/way/1292301285,14.884006658888644,-24.483456147360567
way/1292301286,1292301286,way,Cabo Verde,plant,Missing output tag,none,"tags: {'plant:source': 'solar', 'power': 'plant'}",2026-07-01 00:54:40.748494,https://www.openstreetmap.org/way/1292301286,14.883974296008015,-24.483470908240776
way/1446785734,1446785734,way,Cabo Verde,plant,Capacity placeholder value,yes,Tag 'plant:output:electricity' contains placeholder value 'yes' instead of actual capacity,2026-07-01 00:54:40.748683,https://www.openstreetmap.org/way/1446785734,16.61470534703977,-22.922354927121756
way/1446785752,1446785752,way,Cabo Verde,plant,Capacity placeholder value,yes,Tag 'plant:output:electricity' contains placeholder value 'yes' instead of actual capacity,2026-07-01 00:54:40.748839,https://www.openstreetmap.org/way/1446785752,16.624439226088487,-22.913295429125892
way/1446785765,1446785765,way,Cabo Verde,plant,Capacity placeholder value,yes,Tag 'plant:output:electricity' contains placeholder value 'yes' instead of actual capacity,2026-07-01 00:54:40.749064,https://www.openstreetmap.org/way/1446785765,16.14086800600409,-22.89048984574276
way/203177226,203177226,way,Côte d'Ivoire,plant,Capacity placeholder value,yes,Tag 'plant:output:electricity' contains placeholder value 'yes' instead of actual capacity,2026-07-01 00:57:03.824191,https://www.openstreetmap.org/way/203177226,4.972117607095431,-6.652165644980216
way/761604397,761604397,way,Côte d'Ivoire,plant,Missing output tag,none,"tags: {'plant:source': 'hydro', 'power': 'plant', 'waterway': 'dam'}",2026-07-01 00:57:03.826073,https://www.openstreetmap.org/way/761604397,5.802662380870721,-6.655865326843767
way/1229027527,1229027527,way,Côte d'Ivoire,plant,Missing source tag,none,"tags: {'landuse': 'industrial', 'power': 'plant'}",2026-07-01 00:57:03.829121,https://www.openstreetmap.org/way/1229027527,5.228472289825456,-3.7556273022962383
way/1449974503,1449974503,way,Côte d'Ivoire,plant,Missing output tag,none,"tags: {'name': 'Centrale PV du GEP MCI', 'operator': 'GEPMCI', 'plant:method': 'photovoltaic', 'plant:source': 'solar', 'power': 'plant'}",2026-07-01 00:57:03.829684,https://www.openstreetmap.org/way/1449974503,6.8630944429386815,-5.237658613792828
node/12842632326,12842632326,node,Côte d'Ivoire,plant,Missing source tag,none,"tags: {'name': 'Poste 90kV Bouna', 'power': 'plant'}",2026-07-01 00:57:03.829750,https://www.openstreetmap.org/node/12842632326,9.2509245,-3.0050241
way/282578856,282578856,way,Ghana,plant,Missing source tag,none,"tags: {'landuse': 'industrial', 'power': 'plant'}",2026-07-01 01:04:59.183380,https://www.openstreetmap.org/way/282578856,5.675080578084816,0.009934382217233459
way/479861255,479861255,way,Ghana,plant,Capacity regex no match,100 kW,Tag 'plant:output:electricity' has value '100 kW' which could not be parsed,2026-07-01 01:04:59.184177,https://www.openstreetmap.org/way/479861255,5.684031341069569,-0.04897564827328429
way/1021746811,1021746811,way,Ghana,plant,Missing output tag,none,"tags: {'landuse': 'industrial', 'plant:method': 'combustion', 'plant:source': 'biogas', 'power': 'plant'}",2026-07-01 01:04:59.186389,https://www.openstreetmap.org/way/1021746811,5.826626172651095,-0.35985466631743657
way/1079543440,1079543440,way,Ghana,plant,Missing output tag,none,"tags: {'name': 'RMU Solar Farm', 'plant:source': 'solar', 'power': 'plant'}",2026-07-01 01:04:59.186603,https://www.openstreetmap.org/way/1079543440,5.608655079656192,-0.06501325597279992
way/1090281209,1090281209,way,Ghana,plant,Missing source tag,none,"tags: {'name': 'Bridge Power Station', 'power': 'plant'}",2026-07-01 01:04:59.186789,https://www.openstreetmap.org/way/1090281209,5.677508161324266,0.019129275579855286
way/1246063588,1246063588,way,Ghana,plant,Missing source tag,none,"tags: {'landuse': 'industrial', 'name': 'Ameri Power Plant', 'note': 'Reportedly relocated to Anwomaso from this location in 2023', 'power': 'plant', 'source': 'https://www.vra.com/media/2022/Relocation-of-Ameri-Power-Plant.php', 'utility': 'power'}",2026-07-01 01:04:59.188189,https://www.openstreetmap.org/way/1246063588,4.97420229031245,-1.6603527961246396
way/1246170595,1246170595,way,Ghana,plant,Missing source tag,none,"tags: {'name': 'GPGC Power Plant', 'power': 'plant'}",2026-07-01 01:04:59.188367,https://www.openstreetmap.org/way/1246170595,5.698227569871945,0.023033897856671474
way/1246170609,1246170609,way,Ghana,plant,Missing source tag,none,tags: {'power': 'plant'},2026-07-01 01:04:59.188757,https://www.openstreetmap.org/way/1246170609,5.677603068241104,0.013852337052163337
way/1408189396,1408189396,way,Ghana,plant,Missing source tag,none,"tags: {'landuse': 'industrial', 'power': 'plant'}",2026-07-01 01:04:59.189821,https://www.openstreetmap.org/way/1408189396,6.727917482867345,-1.4921549715877491
way/1420859791,1420859791,way,Ghana,plant,Capacity placeholder value,yes,Tag 'plant:output:electricity' contains placeholder value 'yes' instead of actual capacity,2026-07-01 01:04:59.190012,https://www.openstreetmap.org/way/1420859791,5.67541335249601,-0.08775334679395433
way/1424431903,1424431903,way,Ghana,plant,Missing output tag,none,"tags: {'plant:source': 'solar', 'power': 'plant'}",2026-07-01 01:04:59.190648,https://www.openstreetmap.org/way/1424431903,6.865080806879883,-0.45043689765099565
way/1458099924,1458099924,way,Ghana,plant,Capacity regex no match,33Mw,Tag 'plant:output:electricity' has value '33Mw' which could not be parsed,2026-07-01 01:04:59.192257,https://www.openstreetmap.org/way/1458099924,5.482659898842167,-1.7285943666632562
way/1511993253,1511993253,way,Ghana,plant,Capacity placeholder value,yes,Tag 'plant:output:electricity' contains placeholder value 'yes' instead of actual capacity,2026-07-01 01:04:59.192637,https://www.openstreetmap.org/way/1511993253,8.265789407716593,-2.256170959697205
node/8172245125,8172245125,node,Ghana,plant,Missing source tag,none,tags: {'power': 'plant'},2026-07-01 01:04:59.192691,https://www.openstreetmap.org/node/8172245125,5.8289855,-2.8210518
node/9118264974,9118264974,node,Ghana,plant,Missing source tag,none,tags: {'power': 'plant'},2026-07-01 01:04:59.192734,https://www.openstreetmap.org/node/9118264974,5.6315137,-2.1493382
node/9150489296,9150489296,node,Ghana,plant,Missing source tag,none,tags: {'power': 'plant'},2026-07-01 01:04:59.192775,https://www.openstreetmap.org/node/9150489296,5.3326563,-1.9792717
node/9156555156,9156555156,node,Ghana,plant,Missing source tag,none,tags: {'power': 'plant'},2026-07-01 01:04:59.192815,https://www.openstreetmap.org/node/9156555156,5.6289859,-2.1091903
node/9586955195,9586955195,node,Ghana,plant,Missing source tag,none,tags: {'power': 'plant'},2026-07-01 01:04:59.192854,https://www.openstreetmap.org/node/9586955195,5.8241467,-2.8231983
node/9998695245,9998695245,node,Ghana,plant,Missing source tag,none,tags: {'power': 'plant'},2026-07-01 01:04:59.192894,https://www.openstreetmap.org/node/9998695245,7.0863155,-1.562015
node/10125157660,10125157660,node,Ghana,plant,Missing source tag,none,tags: {'power': 'plant'},2026-07-01 01:04:59.192964,https://www.openstreetmap.org/node/10125157660,5.8146419,-2.8250176
node/10647801606,10647801606,node,Ghana,plant,Missing source tag,none,tags: {'power': 'plant'},2026-07-01 01:04:59.193006,https://www.openstreetmap.org/node/10647801606,5.7843369,-2.7225713
node/10679534380,10679534380,node,Ghana,plant,Missing source tag,none,tags: {'power': 'plant'},2026-07-01 01:04:59.193045,https://www.openstreetmap.org/node/10679534380,5.782543,-2.8042655
way/984507626,984507626,way,Gambia,plant,Missing source tag,none,"tags: {'landuse': 'industrial', 'name': 'Nawec power sation URR', 'power': 'plant'}",2026-07-01 01:06:24.531080,https://www.openstreetmap.org/way/984507626,13.295760652805466,-14.196380042328453
way/303293260,303293260,way,Liberia,plant,Missing output tag,none,"tags: {'landuse': 'industrial', 'name': 'Hydro Power Plant LAC', 'operator': 'LAC / Socfin', 'plant:method': 'run-of-the-river', 'plant:source': 'hydro', 'power': 'plant'}",2026-07-01 01:29:06.570953,https://www.openstreetmap.org/way/303293260,6.096475106341469,-9.7201008822702
way/306254298,306254298,way,Liberia,plant,Capacity placeholder value,yes,Tag 'plant:output:electricity' contains placeholder value 'yes' instead of actual capacity,2026-07-01 01:29:06.571190,https://www.openstreetmap.org/way/306254298,6.428339974508174,-10.817841157443285
way/1292708732,1292708732,way,Liberia,plant,Capacity regex no match,20 Mw,Tag 'plant:output:electricity' has value '20 Mw' which could not be parsed,2026-07-01 01:29:06.572506,https://www.openstreetmap.org/way/1292708732,6.9974669341180675,-11.139914169836588
way/521101524,521101524,way,Guinea,plant,Missing source tag,none,"tags: {'landuse': 'industrial', 'power': 'plant'}",2026-07-01 01:32:26.823829,https://www.openstreetmap.org/way/521101524,12.078455731844413,-12.299217664099896
way/521104954,521104954,way,Guinea,plant,Missing source tag,none,"tags: {'landuse': 'industrial', 'power': 'plant'}",2026-07-01 01:32:26.824021,https://www.openstreetmap.org/way/521104954,12.078426399311512,-12.299740033411682
way/521104958,521104958,way,Guinea,plant,Missing source tag,none,"tags: {'landuse': 'industrial', 'power': 'plant'}",2026-07-01 01:32:26.824181,https://www.openstreetmap.org/way/521104958,12.07835735733797,-12.300672822726861
way/636909284,636909284,way,Guinea,plant,Capacity placeholder value,yes,Tag 'plant:output:electricity' contains placeholder value 'yes' instead of actual capacity,2026-07-01 01:32:26.824755,https://www.openstreetmap.org/way/636909284,10.6510531,-14.563838499999997
way/1209239658,1209239658,way,Guinea,plant,Capacity placeholder value,yes,Tag 'plant:output:electricity' contains placeholder value 'yes' instead of actual capacity,2026-07-01 01:32:26.825861,https://www.openstreetmap.org/way/1209239658,10.72896933429139,-11.170203828737918
way/1292852358,1292852358,way,Guinea,plant,Capacity regex no match,33 Mw,Tag 'plant:output:electricity' has value '33 Mw' which could not be parsed,2026-07-01 01:32:26.826278,https://www.openstreetmap.org/way/1292852358,11.747301354988993,-10.051204276754088
way/1292852359,1292852359,way,Guinea,plant,Capacity placeholder value,yes,Tag 'plant:output:electricity' contains placeholder value 'yes' instead of actual capacity,2026-07-01 01:32:26.826450,https://www.openstreetmap.org/way/1292852359,11.749630178418329,-10.048131703818866
way/1515478542,1515478542,way,Guinea,plant,Missing source tag,none,"tags: {'landuse': 'industrial', 'name': 'Centrale Électrique de Kankan', 'name:en': 'Power Plant Kankan', 'name:fr': 'Centrale Électrique de Kankan', 'power': 'plant'}",2026-07-01 01:32:26.826603,https://www.openstreetmap.org/way/1515478542,10.36504351783869,-9.304146222584443
node/10673410433,10673410433,node,Guinea,plant,Missing source tag,none,"tags: {'name': 'Barrage Tinkisso', 'power': 'plant'}",2026-07-01 01:32:26.826658,https://www.openstreetmap.org/node/10673410433,10.7290784,-11.1700087
relation/5498224,5498224,relation,Mauritania,plant,Missing source tag,none,"tags: {'name': 'سونيلك السبخة', 'name:ar': 'سونيلك السبخة', 'name:fr': 'sonelec sebkha', 'operator': 'الشركة الموريتانية للكهرباء والشركة الوطنية للماء', 'operator:ar': 'الشركة الموريتانية للكهرباء والشركة الوطنية للماء', 'power': 'plant', 'route': 'power', 'type': 'route'}",2026-07-01 01:38:10.066307,https://www.openstreetmap.org/relation/5498224,18.070452071950182,-15.99536003586685
node/7578370831,7578370831,node,Mauritania,generator,Missing output tag,none,"tags: {'generator:method': 'wind_turbine', 'generator:source': 'wind', 'power': 'generator'}",2026-07-01 01:38:10.068240,https://www.openstreetmap.org/node/7578370831,17.9451904,-15.9917611
node/7578370833,7578370833,node,Mauritania,generator,Missing output tag,none,"tags: {'generator:method': 'wind_turbine', 'generator:source': 'wind', 'power': 'generator'}",2026-07-01 01:38:10.068267,https://www.openstreetmap.org/node/7578370833,17.9344907,-15.9969807
node/7578370808,7578370808,node,Mauritania,generator,Missing output tag,none,"tags: {'generator:method': 'wind_turbine', 'generator:source': 'wind', 'power': 'generator'}",2026-07-01 01:38:10.068284,https://www.openstreetmap.org/node/7578370808,17.9668915,-15.9798763
node/7578349238,7578349238,node,Mauritania,generator,Missing output tag,none,"tags: {'generator:method': 'wind_turbine', 'generator:source': 'wind', 'power': 'generator'}",2026-07-01 01:38:10.068297,https://www.openstreetmap.org/node/7578349238,17.9135181,-16.0013125
node/7578349228,7578349228,node,Mauritania,generator,Missing output tag,none,"tags: {'generator:method': 'wind_turbine', 'generator:source': 'wind', 'power': 'generator'}",2026-07-01 01:38:10.068312,https://www.openstreetmap.org/node/7578349228,17.9156134,-15.9913508
node/7578370810,7578370810,node,Mauritania,generator,Missing output tag,none,"tags: {'generator:method': 'wind_turbine', 'generator:source': 'wind', 'power': 'generator'}",2026-07-01 01:38:10.068326,https://www.openstreetmap.org/node/7578370810,17.9620284,-15.9890923
node/7578370832,7578370832,node,Mauritania,generator,Missing output tag,none,"tags: {'generator:method': 'wind_turbine', 'generator:source': 'wind', 'power': 'generator'}",2026-07-01 01:38:10.068339,https://www.openstreetmap.org/node/7578370832,17.9392473,-15.9945024
node/7578370837,7578370837,node,Mauritania,generator,Missing output tag,none,"tags: {'generator:method': 'wind_turbine', 'generator:source': 'wind', 'power': 'generator'}",2026-07-01 01:38:10.068352,https://www.openstreetmap.org/node/7578370837,17.9273019,-15.9995234
node/7578370812,7578370812,node,Mauritania,generator,Missing output tag,none,"tags: {'generator:method': 'wind_turbine', 'generator:source': 'wind', 'power': 'generator'}",2026-07-01 01:38:10.068365,https://www.openstreetmap.org/node/7578370812,17.9578745,-15.9923003
node/7578354355,7578354355,node,Mauritania,generator,Missing output tag,none,"tags: {'generator:method': 'wind_turbine', 'generator:source': 'wind', 'power': 'generator'}",2026-07-01 01:38:10.068378,https://www.openstreetmap.org/node/7578354355,17.9330284,-15.9873623
node/7578370824,7578370824,node,Mauritania,generator,Missing output tag,none,"tags: {'generator:method': 'wind_turbine', 'generator:source': 'wind', 'power': 'generator'}",2026-07-01 01:38:10.068391,https://www.openstreetmap.org/node/7578370824,17.951812,-15.9922037
node/7578349227,7578349227,node,Mauritania,generator,Missing output tag,none,"tags: {'generator:method': 'wind_turbine', 'generator:source': 'wind', 'power': 'generator'}",2026-07-01 01:38:10.068404,https://www.openstreetmap.org/node/7578349227,17.9199827,-16.0015592
node/7578370809,7578370809,node,Mauritania,generator,Missing output tag,none,"tags: {'generator:method': 'wind_turbine', 'generator:source': 'wind', 'power': 'generator'}",2026-07-01 01:38:10.068417,https://www.openstreetmap.org/node/7578370809,17.9650851,-15.985069
node/7840169421,7840169421,node,Mauritania,generator,Missing output tag,none,"tags: {'generator:method': 'wind_turbine', 'generator:source': 'wind', 'power': 'generator'}",2026-07-01 01:38:10.068430,https://www.openstreetmap.org/node/7840169421,17.94957,-15.9813952
node/3301735169,3301735169,node,Mauritania,generator,Capacity regex no match,275 kW,Tag 'generator:output:electricity' has value '275 kW' which could not be parsed,2026-07-01 01:38:10.069651,https://www.openstreetmap.org/node/3301735169,20.8486348,-17.0531735
node/3301735167,3301735167,node,Mauritania,generator,Capacity regex no match,275 kW,Tag 'generator:output:electricity' has value '275 kW' which could not be parsed,2026-07-01 01:38:10.069681,https://www.openstreetmap.org/node/3301735167,20.8486211,-17.0550125
node/3301735171,3301735171,node,Mauritania,generator,Capacity regex no match,275 kW,Tag 'generator:output:electricity' has value '275 kW' which could not be parsed,2026-07-01 01:38:10.069703,https://www.openstreetmap.org/node/3301735171,20.8486714,-17.0513199
node/3301735173,3301735173,node,Mauritania,generator,Capacity regex no match,275 kW,Tag 'generator:output:electricity' has value '275 kW' which could not be parsed,2026-07-01 01:38:10.069723,https://www.openstreetmap.org/node/3301735173,20.8486897,-17.0494809
node/3301735168,3301735168,node,Mauritania,generator,Capacity regex no match,275 kW,Tag 'generator:output:electricity' has value '275 kW' which could not be parsed,2026-07-01 01:38:10.069744,https://www.openstreetmap.org/node/3301735168,20.8486394,-17.0541077
node/3301735166,3301735166,node,Mauritania,generator,Capacity regex no match,275 kW,Tag 'generator:output:electricity' has value '275 kW' which could not be parsed,2026-07-01 01:38:10.069762,https://www.openstreetmap.org/node/3301735166,20.8486211,-17.055932
node/3301735175,3301735175,node,Mauritania,generator,Capacity regex no match,275 kW,Tag 'generator:output:electricity' has value '275 kW' which could not be parsed,2026-07-01 01:38:10.069781,https://www.openstreetmap.org/node/3301735175,20.8487125,-17.0476371
node/3301735170,3301735170,node,Mauritania,generator,Capacity regex no match,275 kW,Tag 'generator:output:electricity' has value '275 kW' which could not be parsed,2026-07-01 01:38:10.069801,https://www.openstreetmap.org/node/3301735170,20.8486577,-17.0522443
node/3301735172,3301735172,node,Mauritania,generator,Capacity regex no match,275 kW,Tag 'generator:output:electricity' has value '275 kW' which could not be parsed,2026-07-01 01:38:10.069819,https://www.openstreetmap.org/node/3301735172,20.8486531,-17.0504053
node/3301735174,3301735174,node,Mauritania,generator,Capacity regex no match,275 kW,Tag 'generator:output:electricity' has value '275 kW' which could not be parsed,2026-07-01 01:38:10.069838,https://www.openstreetmap.org/node/3301735174,20.8486943,-17.0485761
node/3301629100,3301629100,node,Mauritania,generator,Capacity regex no match,275 kW,Tag 'generator:output:electricity' has value '275 kW' which could not be parsed,2026-07-01 01:38:10.069857,https://www.openstreetmap.org/node/3301629100,20.8457781,-17.0490612
node/3301629102,3301629102,node,Mauritania,generator,Capacity regex no match,275 kW,Tag 'generator:output:electricity' has value '275 kW' which could not be parsed,2026-07-01 01:38:10.069875,https://www.openstreetmap.org/node/3301629102,20.845745,-17.0508876
node/3301629099,3301629099,node,Mauritania,generator,Capacity regex no match,275 kW,Tag 'generator:output:electricity' has value '275 kW' which could not be parsed,2026-07-01 01:38:10.069893,https://www.openstreetmap.org/node/3301629099,20.8457902,-17.0481158
node/3301629104,3301629104,node,Mauritania,generator,Capacity regex no match,275 kW,Tag 'generator:output:electricity' has value '275 kW' which could not be parsed,2026-07-01 01:38:10.069935,https://www.openstreetmap.org/node/3301629104,20.845751,-17.0518201
node/3301629101,3301629101,node,Mauritania,generator,Capacity regex no match,275 kW,Tag 'generator:output:electricity' has value '275 kW' which could not be parsed,2026-07-01 01:38:10.069957,https://www.openstreetmap.org/node/3301629101,20.8457721,-17.049997
node/3301629103,3301629103,node,Mauritania,generator,Capacity regex no match,275 kW,Tag 'generator:output:electricity' has value '275 kW' which could not be parsed,2026-07-01 01:38:10.069975,https://www.openstreetmap.org/node/3301629103,20.8457389,-17.0528849
relation/17775539,17775539,relation,Mauritania,plant,Missing output tag,none,"tags: {'plant:source': 'solar', 'power': 'plant', 'type': 'multipolygon'}",2026-07-01 01:38:10.072178,https://www.openstreetmap.org/relation/17775539,21.3333576681662,-16.94666643725346
way/221471951,221471951,way,Mauritania,plant,Missing output tag,none,"tags: {'addr:city': 'Atar أطار', 'addr:city:fr': 'Atar', 'name': ""Société Mauritanienne d'Électricité مركز الشركة الموريتـ ـانية للكهربـاء"", 'name:ar': 'مركز الشركة الموريتانية للكهربـاء', 'name:fr': ""Société Mauritanienne d'Électricité"", 'plant:source': 'oil', 'power': 'plant', 'short_name': 'SOMELEC'}",2026-07-01 01:38:10.072746,https://www.openstreetmap.org/way/221471951,20.513599714616998,-13.055640879090124
way/432087551,432087551,way,Mauritania,plant,Missing output tag,none,"tags: {'building': 'yes', 'plant:method': 'combustion', 'plant:source': 'oil', 'power': 'plant'}",2026-07-01 01:38:10.074121,https://www.openstreetmap.org/way/432087551,20.38914505,-16.012426050000002
way/552928639,552928639,way,Mauritania,plant,Missing output tag,none,"tags: {'addr:city': 'بو انوار', 'addr:city:ar': 'بو انوار', 'addr:city:fr': 'Boulenouar', 'barrier': 'wall', 'landuse': 'industrial', 'name': 'la station éolienne de Boulenouar محطة بولنوار لطاقة الرياح', 'name:ar': 'محطة بولنوار لطاقة الرياح', 'name:fr': 'la station éolienne de Boulenouar', 'operator': 'إلكنوار', 'operator:ar': 'إلكنوار', 'operator:fr': 'Elecnor', 'plant:source': 'solar', 'power': 'plant'}",2026-07-01 01:38:10.074309,https://www.openstreetmap.org/way/552928639,21.295313504773294,-16.533202074891605
way/652051624,652051624,way,Mauritania,plant,Capacity placeholder value,yes,Tag 'plant:output:electricity' contains placeholder value 'yes' instead of actual capacity,2026-07-01 01:38:10.074488,https://www.openstreetmap.org/way/652051624,22.724033041586885,-12.457907231374877
way/951446914,951446914,way,Mauritania,plant,Capacity placeholder value,yes,Tag 'plant:output:electricity' contains placeholder value 'yes' instead of actual capacity,2026-07-01 01:38:10.075504,https://www.openstreetmap.org/way/951446914,16.66652265716683,-11.507232901993405
way/965598163,965598163,way,Mauritania,plant,Capacity placeholder value,yes,Tag 'plant:output:electricity' contains placeholder value 'yes' instead of actual capacity,2026-07-01 01:38:10.075663,https://www.openstreetmap.org/way/965598163,19.38786314943139,-15.40154473551977
way/972568354,972568354,way,Mauritania,plant,Capacity placeholder value,yes,Tag 'plant:output:electricity' contains placeholder value 'yes' instead of actual capacity,2026-07-01 01:38:10.075821,https://www.openstreetmap.org/way/972568354,18.293987774750235,-15.973111000250187
way/973102288,973102288,way,Mauritania,plant,Capacity placeholder value,yes,Tag 'plant:output:electricity' contains placeholder value 'yes' instead of actual capacity,2026-07-01 01:38:10.076005,https://www.openstreetmap.org/way/973102288,19.746442088591852,-14.400509610218828
way/988085872,988085872,way,Mauritania,plant,Missing source tag,none,"tags: {'landuse': 'industrial', 'name': 'Sonalec', 'power': 'plant'}",2026-07-01 01:38:10.076169,https://www.openstreetmap.org/way/988085872,15.32600345441998,-12.86306383173065
way/1132463112,1132463112,way,Mauritania,plant,Capacity placeholder value,yes,Tag 'plant:output:electricity' contains placeholder value 'yes' instead of actual capacity,2026-07-01 01:38:10.076352,https://www.openstreetmap.org/way/1132463112,20.169676689441943,-15.99014199484747
way/1132463114,1132463114,way,Mauritania,plant,Capacity placeholder value,yes,Tag 'plant:output:electricity' contains placeholder value 'yes' instead of actual capacity,2026-07-01 01:38:10.076507,https://www.openstreetmap.org/way/1132463114,20.170870809649383,-15.990688775198457
way/1166257082,1166257082,way,Mauritania,plant,Capacity placeholder value,yes,Tag 'plant:output:electricity' contains placeholder value 'yes' instead of actual capacity,2026-07-01 01:38:10.076664,https://www.openstreetmap.org/way/1166257082,16.875451874988784,-5.940870313969114
way/1189002446,1189002446,way,Mauritania,plant,Missing source tag,none,"tags: {'landuse': 'industrial', 'name': 'Tasiat Mine Power Station', 'power': 'plant'}",2026-07-01 01:38:10.076928,https://www.openstreetmap.org/way/1189002446,20.540032922124382,-15.530409518382148
way/1215001079,1215001079,way,Mauritania,plant,Missing output tag,none,"tags: {'name': 'Centrale hybride de Néma en Mauritanie', 'plant:source': 'solar', 'power': 'plant'}",2026-07-01 01:38:10.077106,https://www.openstreetmap.org/way/1215001079,16.598674281493146,-7.287334555298204
way/1315995731,1315995731,way,Mauritania,plant,Capacity placeholder value,yes,Tag 'plant:output:electricity' contains placeholder value 'yes' instead of actual capacity,2026-07-01 01:38:10.077281,https://www.openstreetmap.org/way/1315995731,21.311330015239964,-7.742807189584321
way/1316663775,1316663775,way,Mauritania,plant,Capacity placeholder value,yes,Tag 'plant:output:electricity' contains placeholder value 'yes' instead of actual capacity,2026-07-01 01:38:10.077438,https://www.openstreetmap.org/way/1316663775,17.8078860763696,-14.190060338528458
way/1317948964,1317948964,way,Mauritania,plant,Capacity placeholder value,yes,Tag 'plant:output:electricity' contains placeholder value 'yes' instead of actual capacity,2026-07-01 01:38:10.077632,https://www.openstreetmap.org/way/1317948964,17.53307927886448,-14.706865662720508
way/1362826445,1362826445,way,Mauritania,plant,Capacity placeholder value,yes,Tag 'plant:output:electricity' contains placeholder value 'yes' instead of actual capacity,2026-07-01 01:38:10.077788,https://www.openstreetmap.org/way/1362826445,25.227072202407015,-11.577807327099345
way/1362826446,1362826446,way,Mauritania,plant,Capacity placeholder value,yes,Tag 'plant:output:electricity' contains placeholder value 'yes' instead of actual capacity,2026-07-01 01:38:10.077968,https://www.openstreetmap.org/way/1362826446,25.227015702407012,-11.577803727099342
way/1424146095,1424146095,way,Mauritania,plant,Missing output tag,none,"tags: {'plant:source': 'solar', 'power': 'plant'}",2026-07-01 01:38:10.078135,https://www.openstreetmap.org/way/1424146095,17.05674531924177,-13.901256293154084
way/1424146096,1424146096,way,Mauritania,plant,Missing output tag,none,"tags: {'plant:source': 'solar', 'power': 'plant'}",2026-07-01 01:38:10.078315,https://www.openstreetmap.org/way/1424146096,17.054559392028647,-13.90079048268915
way/1424668861,1424668861,way,Mauritania,plant,Missing output tag,none,"tags: {'plant:source': 'solar', 'power': 'plant'}",2026-07-01 01:38:10.078513,https://www.openstreetmap.org/way/1424668861,20.540790434391496,-15.541586140607036
way/1436096519,1436096519,way,Mauritania,plant,Capacity placeholder value,yes,Tag 'plant:output:electricity' contains placeholder value 'yes' instead of actual capacity,2026-07-01 01:38:10.078680,https://www.openstreetmap.org/way/1436096519,19.61064340252858,-15.53173125897726
way/1442128803,1442128803,way,Mauritania,plant,Missing output tag,none,"tags: {'plant:source': 'solar', 'power': 'plant'}",2026-07-01 01:38:10.078848,https://www.openstreetmap.org/way/1442128803,15.527655497087443,-7.014756316785742
way/1442128807,1442128807,way,Mauritania,plant,Missing output tag,none,"tags: {'plant:source': 'solar', 'power': 'plant'}",2026-07-01 01:38:10.079062,https://www.openstreetmap.org/way/1442128807,16.65215168974168,-9.542768674906478
relation/15748734,15748734,relation,Mali,plant,Missing source tag,none,"tags: {'landuse': 'industrial', 'name': 'Centrale électrique', 'power': 'plant', 'type': 'multipolygon'}",2026-07-01 01:40:51.367769,https://www.openstreetmap.org/relation/15748734,11.31897029875906,-5.672998629347797
way/202359782,202359782,way,Mali,plant,Missing source tag,none,"tags: {'building': 'yes', 'power': 'plant'}",2026-07-01 01:40:51.371763,https://www.openstreetmap.org/way/202359782,18.44098872302887,1.4013231973654106
way/874830038,874830038,way,Mali,plant,Missing output tag,none,"tags: {'barrier': 'wall', 'plant:source': 'solar', 'power': 'plant'}",2026-07-01 01:40:51.374628,https://www.openstreetmap.org/way/874830038,15.649798848383554,0.5050180093062728
way/1050565381,1050565381,way,Mali,plant,Capacity placeholder value,yes,Tag 'plant:output:electricity' contains placeholder value 'yes' instead of actual capacity,2026-07-01 01:40:51.375011,https://www.openstreetmap.org/way/1050565381,14.571307341701623,-9.193058388133986
way/1051570212,1051570212,way,Mali,plant,Missing output tag,none,"tags: {'plant:source': 'solar', 'power': 'plant'}",2026-07-01 01:40:51.375178,https://www.openstreetmap.org/way/1051570212,12.871343716251326,-11.230266333258962
way/1053804712,1053804712,way,Mali,plant,Missing output tag,none,"tags: {'plant:source': 'solar', 'power': 'plant'}",2026-07-01 01:40:51.375353,https://www.openstreetmap.org/way/1053804712,13.28959748009202,-4.606501873022042
way/1303591053,1303591053,way,Mali,plant,Capacity placeholder value,yes,Tag 'plant:output:electricity' contains placeholder value 'yes' instead of actual capacity,2026-07-01 01:40:51.376684,https://www.openstreetmap.org/way/1303591053,12.533073237275227,-11.357479212996806
way/1388758597,1388758597,way,Mali,plant,Capacity placeholder value,yes,Tag 'plant:output:electricity' contains placeholder value 'yes' instead of actual capacity,2026-07-01 01:40:51.376860,https://www.openstreetmap.org/way/1388758597,14.145593556884082,-5.0138682835024575
way/1411355967,1411355967,way,Mali,plant,Capacity placeholder value,yes,Tag 'plant:output:electricity' contains placeholder value 'yes' instead of actual capacity,2026-07-01 01:40:51.377052,https://www.openstreetmap.org/way/1411355967,15.253679878982418,-9.420873712937567
way/1424391063,1424391063,way,Mali,plant,Missing output tag,none,"tags: {'plant:source': 'solar', 'power': 'plant'}",2026-07-01 01:40:51.377241,https://www.openstreetmap.org/way/1424391063,11.15782194950715,-6.204382522572
way/1443608208,1443608208,way,Mali,plant,Capacity placeholder value,yes,Tag 'plant:output:electricity' contains placeholder value 'yes' instead of actual capacity,2026-07-01 01:40:51.377412,https://www.openstreetmap.org/way/1443608208,15.168078578957603,-7.307990802729446
way/1525637047,1525637047,way,Mali,plant,Capacity placeholder value,yes,Tag 'plant:output:electricity' contains placeholder value 'yes' instead of actual capacity,2026-07-01 01:40:51.377620,https://www.openstreetmap.org/way/1525637047,14.44988949692291,-7.513512391213308
way/525145527,525145527,way,Niger,plant,Missing source tag,none,"tags: {'landuse': 'industrial', 'name': 'Maradi power plant', 'power': 'plant', 'source': 'Mapbox'}",2026-07-01 01:47:32.378855,https://www.openstreetmap.org/way/525145527,13.515452316372656,7.090254856304982
way/535372029,535372029,way,Niger,plant,Missing source tag,none,"tags: {'landuse': 'industrial', 'operator': 'Public', 'plant:output:electricity': 'yes', 'power': 'plant'}",2026-07-01 01:47:32.379059,https://www.openstreetmap.org/way/535372029,14.725035474788935,0.9243780851847015
way/997677873,997677873,way,Niger,plant,Capacity placeholder value,yes,Tag 'plant:output:electricity' contains placeholder value 'yes' instead of actual capacity,2026-07-01 01:47:32.380703,https://www.openstreetmap.org/way/997677873,13.240748632572537,4.096576725271915
way/1169132956,1169132956,way,Niger,plant,Capacity regex no match,360kW,Tag 'plant:output:electricity' has value '360kW' which could not be parsed,2026-07-01 01:47:32.381189,https://www.openstreetmap.org/way/1169132956,19.070588487982818,8.41796153770017
way/1193945218,1193945218,way,Niger,plant,Missing output tag,none,"tags: {'plant:source': 'solar', 'power': 'plant'}",2026-07-01 01:47:32.381715,https://www.openstreetmap.org/way/1193945218,13.471001690041989,2.173432075956043
way/1246173329,1246173329,way,Niger,plant,Missing source tag,none,"tags: {'landuse': 'industrial', 'name': 'Centrale hybride de Timia', 'power': 'plant'}",2026-07-01 01:47:32.382097,https://www.openstreetmap.org/way/1246173329,18.115641681762728,8.791973360183086
way/1284561222,1284561222,way,Niger,plant,Missing output tag,none,"tags: {'landuse': 'industrial', 'name': 'Malbaza', 'operator': 'NIGELEC', 'plant:source': 'diesel', 'power': 'plant'}",2026-07-01 01:47:32.382293,https://www.openstreetmap.org/way/1284561222,13.955703123543207,5.512940499960068
node/4959326419,4959326419,node,Niger,plant,Missing source tag,none,"tags: {'name': ""Centrale d'électricité Nigelec Doutchi"", 'power': 'plant'}",2026-07-01 01:47:32.382363,https://www.openstreetmap.org/node/4959326419,13.6396424,4.0517016
way/1442128805,1442128805,way,Guinea-Bissau,plant,Missing output tag,none,"tags: {'plant:source': 'solar', 'power': 'plant'}",2026-07-01 01:49:55.384731,https://www.openstreetmap.org/way/1442128805,12.236606086876868,-15.447023578317847
way/571298390,571298390,way,Nigeria,plant,Capacity placeholder value,yes,Tag 'plant:output:electricity' contains placeholder value 'yes' instead of actual capacity,2026-07-01 01:49:58.632215,https://www.openstreetmap.org/way/571298390,9.389753309398852,8.681138950680056
way/754858559,754858559,way,Nigeria,plant,Missing source tag,none,"tags: {'name': 'Community Power Plant', 'power': 'plant'}",2026-07-01 01:49:58.634223,https://www.openstreetmap.org/way/754858559,4.724481183282476,5.948286740029433
way/794643818,794643818,way,Nigeria,plant,Missing source tag,none,tags: {'power': 'plant'},2026-07-01 01:49:58.634385,https://www.openstreetmap.org/way/794643818,7.302453501637209,5.1343946850039845
way/945308310,945308310,way,Nigeria,plant,Missing source tag,none,"tags: {'landuse': 'industrial', 'name': 'Dangote Ibese Cement Power Station', 'power': 'plant'}",2026-07-01 01:49:58.638721,https://www.openstreetmap.org/way/945308310,7.009221888791408,3.0509054221335554
way/965463944,965463944,way,Nigeria,plant,Missing source tag,none,"tags: {'landuse': 'industrial', 'name': 'Indorama Eleme Petrochemicals Power Station', 'power': 'plant', 'source': 'https://www.indoramaeleme.com/'}",2026-07-01 01:49:58.638938,https://www.openstreetmap.org/way/965463944,4.835453560174307,7.103033464754878
way/1035459352,1035459352,way,Nigeria,plant,Capacity placeholder value,yes,Tag 'plant:output:electricity' contains placeholder value 'yes' instead of actual capacity,2026-07-01 01:49:58.639104,https://www.openstreetmap.org/way/1035459352,8.964998107176799,7.36134477838666
way/1120416964,1120416964,way,Nigeria,plant,Capacity placeholder value,yes,Tag 'plant:output:electricity' contains placeholder value 'yes' instead of actual capacity,2026-07-01 01:49:58.639305,https://www.openstreetmap.org/way/1120416964,4.90503663688992,6.26815434070022
way/1138971165,1138971165,way,Nigeria,plant,Missing source tag,none,"tags: {'landuse': 'industrial', 'name': 'Ajaokuta Power Plant', 'operator': 'Ajaokuta Steel Company Ltd (ASCL)', 'power': 'plant', 'source': 'https://www.thecable.ng/110mw-ajaokuta-power-plant-to-come-alive-again'}",2026-07-01 01:49:58.640314,https://www.openstreetmap.org/way/1138971165,7.497856369253123,6.687174515701954
way/1207250001,1207250001,way,Nigeria,plant,Capacity placeholder value,yes,Tag 'plant:output:electricity' contains placeholder value 'yes' instead of actual capacity,2026-07-01 01:49:58.640686,https://www.openstreetmap.org/way/1207250001,9.018408133642604,7.4281924463545925
way/1288133298,1288133298,way,Nigeria,plant,Capacity placeholder value,yes,Tag 'plant:output:electricity' contains placeholder value 'yes' instead of actual capacity,2026-07-01 01:49:58.641558,https://www.openstreetmap.org/way/1288133298,13.12637098815095,5.208389311176906
way/1288133299,1288133299,way,Nigeria,plant,Missing source tag,none,"tags: {'landuse': 'industrial', 'name': 'Usmanu Danfodiyo University', 'power': 'plant'}",2026-07-01 01:49:58.641712,https://www.openstreetmap.org/way/1288133299,13.126575621353968,5.208390505593356
way/1288148290,1288148290,way,Nigeria,plant,Missing source tag,none,"tags: {'landuse': 'industrial', 'name': 'Bukuru Power Station', 'operator': 'NESCO', 'power': 'plant'}",2026-07-01 01:49:58.642610,https://www.openstreetmap.org/way/1288148290,9.784988541714078,8.864545050379684
way/1288150633,1288150633,way,Nigeria,plant,Capacity placeholder value,yes,Tag 'plant:output:electricity' contains placeholder value 'yes' instead of actual capacity,2026-07-01 01:49:58.642793,https://www.openstreetmap.org/way/1288150633,9.408242432402849,8.722526989946887
way/1288150638,1288150638,way,Nigeria,plant,Capacity placeholder value,yes,Tag 'plant:output:electricity' contains placeholder value 'yes' instead of actual capacity,2026-07-01 01:49:58.642984,https://www.openstreetmap.org/way/1288150638,9.383732215004311,8.67612954535592
way/1288152647,1288152647,way,Nigeria,plant,Capacity placeholder value,yes,Tag 'plant:output:electricity' contains placeholder value 'yes' instead of actual capacity,2026-07-01 01:49:58.643177,https://www.openstreetmap.org/way/1288152647,9.360297294554423,8.758777414268337
way/1288153391,1288153391,way,Nigeria,plant,Capacity placeholder value,yes,Tag 'plant:output:electricity' contains placeholder value 'yes' instead of actual capacity,2026-07-01 01:49:58.643365,https://www.openstreetmap.org/way/1288153391,9.362169814125828,8.739829622337535
way/1288645211,1288645211,way,Nigeria,plant,Missing source tag,none,"tags: {'landuse': 'industrial', 'power': 'plant'}",2026-07-01 01:49:58.643546,https://www.openstreetmap.org/way/1288645211,6.468599997539643,3.3800481380482115
way/1288645213,1288645213,way,Nigeria,plant,Capacity placeholder value,yes,Tag 'plant:output:electricity' contains placeholder value 'yes' instead of actual capacity,2026-07-01 01:49:58.643833,https://www.openstreetmap.org/way/1288645213,6.467059018096282,3.3795538472110453
way/1289160532,1289160532,way,Nigeria,plant,Capacity regex no match,185kW,Tag 'plant:output:electricity' has value '185kW' which could not be parsed,2026-07-01 01:49:58.644364,https://www.openstreetmap.org/way/1289160532,6.886403767142497,3.3840057410654887
way/1290093314,1290093314,way,Nigeria,plant,Capacity placeholder value,yes,Tag 'plant:output:electricity' contains placeholder value 'yes' instead of actual capacity,2026-07-01 01:49:58.644533,https://www.openstreetmap.org/way/1290093314,8.807927237496243,7.361540530135162
way/1290093350,1290093350,way,Nigeria,plant,Capacity placeholder value,yes,Tag 'plant:output:electricity' contains placeholder value 'yes' instead of actual capacity,2026-07-01 01:49:58.644689,https://www.openstreetmap.org/way/1290093350,8.806736062659084,7.358953357475838
way/1290345511,1290345511,way,Nigeria,plant,Capacity placeholder value,yes,Tag 'plant:output:electricity' contains placeholder value 'yes' instead of actual capacity,2026-07-01 01:49:58.644845,https://www.openstreetmap.org/way/1290345511,12.042832404092692,13.913392232033694
way/1290345520,1290345520,way,Nigeria,plant,Missing source tag,none,"tags: {'landuse': 'industrial', 'power': 'plant'}",2026-07-01 01:49:58.645028,https://www.openstreetmap.org/way/1290345520,12.261911764831487,13.862839492722232
way/1290345521,1290345521,way,Nigeria,plant,Capacity placeholder value,yes,Tag 'plant:output:electricity' contains placeholder value 'yes' instead of actual capacity,2026-07-01 01:49:58.645235,https://www.openstreetmap.org/way/1290345521,12.261713320055147,13.86269144280043
way/1324578576,1324578576,way,Nigeria,plant,Capacity placeholder value,yes,Tag 'plant:output:electricity' contains placeholder value 'yes' instead of actual capacity,2026-07-01 01:49:58.646664,https://www.openstreetmap.org/way/1324578576,12.512063839905418,6.182685433243269
way/1373287628,1373287628,way,Nigeria,plant,Missing output tag,none,"tags: {'plant:source': 'solar', 'power': 'plant'}",2026-07-01 01:49:58.646841,https://www.openstreetmap.org/way/1373287628,9.296698260700856,7.223970664684885
way/1383544943,1383544943,way,Nigeria,plant,Missing source tag,none,"tags: {'landuse': 'industrial', 'power': 'plant'}",2026-07-01 01:49:58.647038,https://www.openstreetmap.org/way/1383544943,9.02558195,7.500016950000001
way/1394913576,1394913576,way,Nigeria,plant,Capacity placeholder value,yes,Tag 'plant:output:electricity' contains placeholder value 'yes' instead of actual capacity,2026-07-01 01:49:58.647196,https://www.openstreetmap.org/way/1394913576,4.901925339946862,6.919602254975547
way/1395052247,1395052247,way,Nigeria,plant,Missing output tag,none,"tags: {'plant:source': 'solar', 'power': 'plant'}",2026-07-01 01:49:58.647392,https://www.openstreetmap.org/way/1395052247,10.47630710102792,9.837178823415028
way/1424093398,1424093398,way,Nigeria,plant,Missing output tag,none,"tags: {'name': 'Kano State Power Plant', 'plant:source': 'hydro', 'power': 'plant'}",2026-07-01 01:49:58.647570,https://www.openstreetmap.org/way/1424093398,11.46461188071962,8.407325820170856
way/1424428168,1424428168,way,Nigeria,plant,Missing output tag,none,"tags: {'plant:source': 'solar', 'power': 'plant'}",2026-07-01 01:49:58.647819,https://www.openstreetmap.org/way/1424428168,9.00478043411081,7.407975501921628
way/1424428467,1424428467,way,Nigeria,plant,Missing output tag,none,"tags: {'plant:source': 'solar', 'power': 'plant'}",2026-07-01 01:49:58.648031,https://www.openstreetmap.org/way/1424428467,9.266082744011454,6.979700316434426
way/1424428562,1424428562,way,Nigeria,plant,Missing output tag,none,"tags: {'plant:source': 'solar', 'power': 'plant'}",2026-07-01 01:49:58.648222,https://www.openstreetmap.org/way/1424428562,9.099959664230063,5.227788250485732
way/1424430027,1424430027,way,Nigeria,plant,Missing output tag,none,"tags: {'plant:source': 'solar', 'power': 'plant'}",2026-07-01 01:49:58.648402,https://www.openstreetmap.org/way/1424430027,6.404285688831609,3.050795452788863
way/1424430151,1424430151,way,Nigeria,plant,Missing output tag,none,"tags: {'plant:source': 'solar', 'power': 'plant'}",2026-07-01 01:49:58.648578,https://www.openstreetmap.org/way/1424430151,8.992593563755047,7.171097324002977
way/1424430266,1424430266,way,Nigeria,plant,Missing output tag,none,"tags: {'plant:source': 'solar', 'power': 'plant'}",2026-07-01 01:49:58.648777,https://www.openstreetmap.org/way/1424430266,6.820132669249618,3.8482817076220024
way/1424430432,1424430432,way,Nigeria,plant,Missing output tag,none,"tags: {'plant:source': 'solar', 'power': 'plant'}",2026-07-01 01:49:58.648989,https://www.openstreetmap.org/way/1424430432,9.355063748737653,12.493243601572544
way/1424430571,1424430571,way,Nigeria,plant,Missing output tag,none,"tags: {'plant:source': 'solar', 'power': 'plant'}",2026-07-01 01:49:58.649169,https://www.openstreetmap.org/way/1424430571,5.486638309410226,7.549911646666661
way/1424430667,1424430667,way,Nigeria,plant,Missing output tag,none,"tags: {'plant:source': 'solar', 'power': 'plant'}",2026-07-01 01:49:58.649351,https://www.openstreetmap.org/way/1424430667,12.11510960121998,8.948270510658851
way/1424430771,1424430771,way,Nigeria,plant,Missing output tag,none,"tags: {'plant:source': 'solar', 'power': 'plant'}",2026-07-01 01:49:58.649562,https://www.openstreetmap.org/way/1424430771,5.998532843007808,6.024849384112327
way/1459237892,1459237892,way,Nigeria,plant,Missing output tag,none,"tags: {'plant:source': 'solar', 'power': 'plant'}",2026-07-01 01:49:58.650446,https://www.openstreetmap.org/way/1459237892,11.966418327727787,8.434020647627257
way/1462680217,1462680217,way,Nigeria,plant,Missing output tag,none,"tags: {'plant:source': 'hydro', 'power': 'plant'}",2026-07-01 01:49:58.650624,https://www.openstreetmap.org/way/1462680217,6.868283285533138,11.165726173949489
way/1467994505,1467994505,way,Nigeria,plant,Missing output tag,none,"tags: {'plant:source': 'solar', 'power': 'plant'}",2026-07-01 01:49:58.650847,https://www.openstreetmap.org/way/1467994505,8.717703688044109,4.471374117215751
way/1468050356,1468050356,way,Nigeria,plant,Missing source tag,none,tags: {'power': 'plant'},2026-07-01 01:49:58.651106,https://www.openstreetmap.org/way/1468050356,5.013611717000392,8.348965929466472
way/838371849,838371849,way,Benin,plant,Capacity placeholder value,yes,Tag 'plant:output:electricity' contains placeholder value 'yes' instead of actual capacity,2026-07-01 01:53:44.201193,https://www.openstreetmap.org/way/838371849,6.426092597428193,2.3065028705870767
way/1424431203,1424431203,way,Benin,plant,Missing output tag,none,"tags: {'plant:source': 'solar', 'power': 'plant'}",2026-07-01 01:53:44.201804,https://www.openstreetmap.org/way/1424431203,8.991699946032833,2.597486394084389
node/10968667852,10968667852,node,Benin,plant,Missing source tag,none,"tags: {'description': 'chantier en construction', 'name': 'Groupement K2R ENERRGY KELON INTERNATIONAL', 'power': 'plant'}",2026-07-01 01:53:44.201873,https://www.openstreetmap.org/node/10968667852,9.3781122,2.6284133
node/10992681676,10992681676,node,Benin,plant,Missing source tag,none,"tags: {'name': 'Centrale thermique', 'power': 'plant'}",2026-07-01 01:53:44.201939,https://www.openstreetmap.org/node/10992681676,6.4893324,2.6647088
way/732635913,732635913,way,Sierra Leone,plant,Capacity placeholder value,yes,Tag 'plant:output:electricity' contains placeholder value 'yes' instead of actual capacity,2026-07-01 01:59:35.568820,https://www.openstreetmap.org/way/732635913,7.523803763293862,-12.521513053552145
way/965603216,965603216,way,Sierra Leone,plant,Capacity placeholder value,yes,Tag 'plant:output:electricity' contains placeholder value 'yes' instead of actual capacity,2026-07-01 01:59:35.569050,https://www.openstreetmap.org/way/965603216,8.75093996458732,-11.835860870106554
way/1001600212,1001600212,way,Sierra Leone,plant,Missing output tag,none,"tags: {'plant:source': 'solar', 'power': 'plant'}",2026-07-01 01:59:35.569226,https://www.openstreetmap.org/way/1001600212,8.324482610930083,-12.99598526081147
way/1059802559,1059802559,way,Sierra Leone,plant,Capacity placeholder value,yes,Tag 'plant:output:electricity' contains placeholder value 'yes' instead of actual capacity,2026-07-01 01:59:35.569431,https://www.openstreetmap.org/way/1059802559,7.948090150438983,-11.141617602664857
way/1177585045,1177585045,way,Sierra Leone,plant,Missing output tag,none,"tags: {'addr:city': 'MILE 91', 'addr:street': 'Masiaka-Yonibama Highway', 'landuse': 'industrial', 'name': 'CUSL Power House', 'plant:source': 'solar', 'power': 'plant'}",2026-07-01 01:59:35.569767,https://www.openstreetmap.org/way/1177585045,8.467947095649,-12.242889480547637
way/1254968571,1254968571,way,Sierra Leone,plant,Capacity placeholder value,yes,Tag 'plant:output:electricity' contains placeholder value 'yes' instead of actual capacity,2026-07-01 01:59:35.569975,https://www.openstreetmap.org/way/1254968571,8.467956267043373,-12.243133180126705
way/1284377819,1284377819,way,Sierra Leone,plant,Capacity placeholder value,yes,Tag 'plant:output:electricity' contains placeholder value 'yes' instead of actual capacity,2026-07-01 01:59:35.570584,https://www.openstreetmap.org/way/1284377819,8.645196480438907,-10.929554199023842
way/1292603644,1292603644,way,Sierra Leone,plant,Capacity placeholder value,yes,Tag 'plant:output:electricity' contains placeholder value 'yes' instead of actual capacity,2026-07-01 01:59:35.571315,https://www.openstreetmap.org/way/1292603644,8.112724825918463,-12.070945796258972
way/1292614886,1292614886,way,Sierra Leone,plant,Capacity placeholder value,yes,Tag 'plant:output:electricity' contains placeholder value 'yes' instead of actual capacity,2026-07-01 01:59:35.571487,https://www.openstreetmap.org/way/1292614886,9.123696156197193,-12.912463649556475
way/1292697645,1292697645,way,Sierra Leone,plant,Capacity placeholder value,yes,Tag 'plant:output:electricity' contains placeholder value 'yes' instead of actual capacity,2026-07-01 01:59:35.571848,https://www.openstreetmap.org/way/1292697645,8.628080889237756,-10.960951374411795
way/1308064002,1308064002,way,Sierra Leone,plant,Missing source tag,none,"tags: {'building': 'ship', 'name:en': 'Powership Doğan Bey power barge station', 'plant:output:electricity': '65 MW', 'power': 'plant', 'website': 'https://karpowership.com/project-sierra-leone', 'wikipedia': 'en:MV Karadeniz Powership Doğan Bey'}",2026-07-01 01:59:35.572292,https://www.openstreetmap.org/way/1308064002,8.493786518256783,-13.244154922464613
way/1322495616,1322495616,way,Sierra Leone,plant,Capacity placeholder value,yes,Tag 'plant:output:electricity' contains placeholder value 'yes' instead of actual capacity,2026-07-01 01:59:35.572481,https://www.openstreetmap.org/way/1322495616,8.470490631970863,-12.306183511062832
way/1424390218,1424390218,way,Sierra Leone,plant,Missing output tag,none,"tags: {'plant:source': 'solar', 'power': 'plant'}",2026-07-01 01:59:35.572718,https://www.openstreetmap.org/way/1424390218,7.937721169613779,-11.480732399421198
way/1442799148,1442799148,way,Sierra Leone,plant,Missing output tag,none,"tags: {'plant:source': 'solar', 'power': 'plant'}",2026-07-01 01:59:35.572971,https://www.openstreetmap.org/way/1442799148,8.459950876178448,-13.172500277655248
way/1442799154,1442799154,way,Sierra Leone,plant,Missing output tag,none,"tags: {'addr:city': 'Freetown', 'addr:street': 'Bai Bureh Road', 'plant:source': 'solar', 'power': 'plant'}",2026-07-01 01:59:35.573256,https://www.openstreetmap.org/way/1442799154,8.460316002263324,-13.172445609164297
way/686113767,686113767,way,"Saint Helena, Ascension and Tristan da Cunha",plant,Capacity placeholder value,yes,Tag 'plant:output:electricity' contains placeholder value 'yes' instead of actual capacity,2026-07-01 02:03:29.439388,https://www.openstreetmap.org/way/686113767,-37.06454729710211,-12.314438374418403
way/1289352392,1289352392,way,"Saint Helena, Ascension and Tristan da Cunha",plant,Capacity placeholder value,yes,Tag 'plant:output:electricity' contains placeholder value 'yes' instead of actual capacity,2026-07-01 02:03:29.441162,https://www.openstreetmap.org/way/1289352392,-7.891981267344468,-14.378913014206717
way/1221635485,1221635485,way,Togo,plant,Capacity regex no match,100kW,Tag 'plant:output:electricity' has value '100kW' which could not be parsed,2026-07-01 02:05:21.840949,https://www.openstreetmap.org/way/1221635485,10.255335187082462,0.8753202440233239
way/1424428581,1424428581,way,Togo,plant,Missing output tag,none,"tags: {'plant:source': 'solar', 'power': 'plant'}",2026-07-01 02:05:21.841194,https://www.openstreetmap.org/way/1424428581,6.624142843812464,1.5712284312352969
way/1467907661,1467907661,way,Togo,plant,Missing output tag,none,"tags: {'plant:source': 'solar', 'power': 'plant'}",2026-07-01 02:05:21.841386,https://www.openstreetmap.org/way/1467907661,9.939613600000001,1.1066135499999998
node/13820901457,13820901457,node,Togo,plant,Missing source tag,none,"tags: {'name': 'Central Électrique de môme hagou', 'power': 'plant'}",2026-07-01 02:05:21.841458,https://www.openstreetmap.org/node/13820901457,6.5049488,1.5525597
way/335842188,335842188,way,Senegal,plant,Missing source tag,none,"tags: {'landuse': 'industrial', 'name': 'poste courant', 'power': 'plant'}",2026-07-01 02:31:54.875512,https://www.openstreetmap.org/way/335842188,14.42386209510967,-16.957466267087707
way/465471796,465471796,way,Senegal,plant,Capacity placeholder value,yes,Tag 'plant:output:electricity' contains placeholder value 'yes' instead of actual capacity,2026-07-01 02:31:54.875678,https://www.openstreetmap.org/way/465471796,15.266602539580763,-14.46178399625976
way/564695577,564695577,way,Senegal,plant,Missing source tag,none,"tags: {'landuse': 'industrial', 'name': 'Centrale Electrique de Marakissa', 'power': 'plant', 'start_date': '2017-2018'}",2026-07-01 02:31:54.877212,https://www.openstreetmap.org/way/564695577,12.866650332541386,-15.943400374994228
way/699890845,699890845,way,Senegal,plant,Missing source tag,none,"tags: {'addr:city': 'Saint-Louis', 'addr:street': 'Pikine Bas Sénégal', 'landuse': 'industrial', 'name': 'Centrale electrique secondaire', 'operator': 'SENELEC', 'power': 'plant'}",2026-07-01 02:31:54.879354,https://www.openstreetmap.org/way/699890845,16.009827752946187,-16.496267960647103
way/1083289485,1083289485,way,Senegal,plant,Missing source tag,none,"tags: {'landuse': 'industrial', 'name:en': 'Karadeniz Powership Ayşegül Sultan power station', 'power': 'plant', 'source': 'https://www.gem.wiki/Karpowership_(Senegal)_Aysegul_Sultan_power_station'}",2026-07-01 02:31:54.881319,https://www.openstreetmap.org/way/1083289485,14.689306756107301,-17.432426810385202
way/1115992338,1115992338,way,Senegal,plant,Missing output tag,none,"tags: {'landuse': 'industrial', 'plant:method': 'photovoltaic', 'plant:source': 'solar', 'power': 'plant'}",2026-07-01 02:31:54.881684,https://www.openstreetmap.org/way/1115992338,13.136763669387834,-13.750948386499877
way/1117123835,1117123835,way,Senegal,plant,Capacity placeholder value,yes,Tag 'plant:output:electricity' contains placeholder value 'yes' instead of actual capacity,2026-07-01 02:31:54.881863,https://www.openstreetmap.org/way/1117123835,12.63609861597721,-12.4171695034495
way/1120337487,1120337487,way,Senegal,plant,Missing source tag,none,"tags: {'landuse': 'industrial', 'name': 'Centrale Électrique de Kolda', 'power': 'plant'}",2026-07-01 02:31:54.882054,https://www.openstreetmap.org/way/1120337487,12.879948256447198,-14.916120592556853
way/1195036961,1195036961,way,Senegal,plant,Missing source tag,none,"tags: {'landuse': 'industrial', 'name:en': 'Malicounda power station', 'power': 'plant', 'source': 'https://www.gem.wiki/Malicounda_power_station'}",2026-07-01 02:31:54.883015,https://www.openstreetmap.org/way/1195036961,14.47213707685456,-16.95060974875705
way/1204037131,1204037131,way,Senegal,plant,Capacity placeholder value,yes,Tag 'plant:output:electricity' contains placeholder value 'yes' instead of actual capacity,2026-07-01 02:31:54.883335,https://www.openstreetmap.org/way/1204037131,14.722999870964044,-17.300470152074908
way/1218766205,1218766205,way,Senegal,plant,Missing source tag,none,"tags: {'building': 'yes', 'name': 'Central énergétique Moundé', 'power': 'plant'}",2026-07-01 02:31:54.883488,https://www.openstreetmap.org/way/1218766205,13.952930821407184,-16.649545311684243
way/1219326956,1219326956,way,Senegal,plant,Missing source tag,none,"tags: {'building': 'yes', 'name': 'Central électrique de Djirnda', 'power': 'plant'}",2026-07-01 02:31:54.883640,https://www.openstreetmap.org/way/1219326956,13.979511378045244,-16.606107690548942
way/1236565213,1236565213,way,Senegal,plant,Missing source tag,none,"tags: {'name': 'Centrale électrique Bassar', 'power': 'plant'}",2026-07-01 02:31:54.883792,https://www.openstreetmap.org/way/1236565213,13.92331892382467,-16.597850812694812
way/1341628102,1341628102,way,Senegal,plant,Missing output tag,none,"tags: {'name': 'Mini central solaire', 'plant:source': 'solar', 'power': 'plant'}",2026-07-01 02:31:54.884851,https://www.openstreetmap.org/way/1341628102,15.936024684069528,-13.737204613351853
way/1421933111,1421933111,way,Senegal,plant,Capacity placeholder value,yes,Tag 'plant:output:electricity' contains placeholder value 'yes' instead of actual capacity,2026-07-01 02:31:54.885063,https://www.openstreetmap.org/way/1421933111,15.918221495830931,-13.717989846804098
way/1442128804,1442128804,way,Senegal,plant,Missing output tag,none,"tags: {'plant:source': 'solar', 'power': 'plant'}",2026-07-01 02:31:54.885244,https://www.openstreetmap.org/way/1442128804,16.174312434317674,-15.789426670957305
node/6973680153,6973680153,node,Senegal,plant,Missing source tag,none,"tags: {'man_made': 'street_cabinet', 'name': ""Borne d'alimentation"", 'power': 'plant', 'utility': 'power'}",2026-07-01 02:31:54.885311,https://www.openstreetmap.org/node/6973680153,14.6882417,-17.451455
node/8999746977,8999746977,node,Senegal,plant,Missing source tag,none,"tags: {'name': 'Centrale Électrique de Kolda', 'power': 'plant'}",2026-07-01 02:31:54.885356,https://www.openstreetmap.org/node/8999746977,12.8798079,-14.9152152
node/11508399679,11508399679,node,Senegal,plant,Missing source tag,none,"tags: {'name': 'Central électrique', 'power': 'plant'}",2026-07-01 02:31:54.885399,https://www.openstreetmap.org/node/11508399679,13.9208966,-16.6788417
node/12397714621,12397714621,node,Senegal,plant,Missing source tag,none,"tags: {'name': 'Centrale électrique', 'power': 'plant'}",2026-07-01 02:31:54.885440,https://www.openstreetmap.org/node/12397714621,16.0983953,-13.6922809
node/13844182586,13844182586,node,Senegal,plant,Missing source tag,none,"tags: {'name': 'Salle électronique', 'power': 'plant'}",2026-07-01 02:31:54.885480,https://www.openstreetmap.org/node/13844182586,14.698102,-17.4506456
